rank,country,iso,power_index,defense_budget_usd_2026,data_year,source,defense_budget_usd_billion,Active_Personnel,Reserve_Personnel,Paramilitary_Personnel,Tanks,Armored_Fighting_Vehicles,Total_Aircraft,Naval_Fleet_Ships,Total_Naval_Fleet,Aircraft_Carriers,Submarines,Destroyers,Frigates,Total_Aircraft,Fighter_Interceptor_Aircraft,Transport_Aircraft,Helicopters,Attack_Helicopters,Fighter_Share_of_Total_%,Helicopter_Share_of_Total_%,Attack_Helicopter_Share_of_Helicopters_%,Transport_Share_of_Total_%,Total_Manpower_Active,Tanks,Armored_Fighting_Vehicles,Self_Propelled_Artillery,Towed_Artillery,Rocket_Projectors_MLRS
1,United States,USA,0.0741,8.32E+11,2026,Global Firepower,831.5,1333030,799500,0,4666,409660,13032,465,465,11,66,83,0,13032,1791,917,5913,1024,13.74,45.37,17.32,7.04,1333030,4666,409660,1521,1878,1731
2,Russia,RUS,0.0791,2.13E+11,2026,Global Firepower,212.638272,1320000,2000000,250000,5630,126512,4237,747,747,1,66,13,12,4237,861,458,1643,556,20.32,38.78,33.84,10.81,1320000,5630,126512,3603,5920,2486
3,China,CHN,0.0919,3.03E+11,2026,Global Firepower,303,2035000,510000,625000,5870,152040,3529,841,841,3,61,53,46,3529,1443,287,1007,281,40.89,28.53,27.9,8.13,2035000,5870,152040,2940,1400,2770
4,India,IND,0.1346,1.09E+11,2026,Global Firepower,109,1431000,1000000,2527000,3913,163554,2183,343,343,2,18,13,18,2183,476,277,594,79,21.8,27.21,13.3,12.69,1431000,3913,163554,100,5640,300
5,South Korea,SKO,0.1642,44800000000,2026,Global Firepower,44.8,450000,3100000,120000,1831,117460,1540,215,215,0,22,14,18,1540,242,40,827,113,15.71,53.7,13.66,2.6,450000,1831,117460,2780,5800,525
6,France,FRA,0.1798,67232395000,2026,Global Firepower,67.232395,264000,43444,150000,427,110784,974,166,166,1,9,11,5,974,223,118,452,67,22.9,46.41,14.82,12.11,264000,427,110784,74,,9
7,Japan,JPN,0.1876,58000000000,2026,Global Firepower,58,251500,56000,25000,734,54390,1429,158,158,0,23,41,8,1429,217,53,583,118,15.19,40.8,20.24,3.71,251500,734,54390,193,480,99
8,United Kingdom,UKD,0.1881,88526529585,2026,Global Firepower,88.52652959,141330,31940,0,288,94064,625,116,116,2,10,6,7,625,103,30,262,50,16.48,41.92,19.08,4.8,141330,288,94064,14,126,43
9,Turkiye,TKY,0.1975,51400000000,2026,Global Firepower,51.4,481000,380000,150000,2284,98193,1101,192,192,0,14,0,17,1101,201,84,509,111,18.26,46.23,21.81,7.63,481000,2284,98193,1045,635,237
10,Italy,ITA,0.2211,37325165000,2026,Global Firepower,37.325165,165500,18300,105000,203,87364,714,285,285,2,8,3,14,714,88,31,352,37,12.32,49.3,10.51,4.34,165500,203,87364,64,108,21
11,Brazil,BRA,0.2374,26400000000,2026,Global Firepower,26.4,376000,1340000,200000,294,22464,495,69,69,0,6,0,8,495,44,107,186,0,8.89,37.58,0,21.62,376000,294,22464,149,412,82
12,Germany,GER,0.2463,1.27E+11,2026,Global Firepower,127.40009,184324,860000,0,296,87338,569,96,96,0,6,0,11,569,127,55,292,49,22.32,51.32,16.78,9.67,184324,296,87338,134,,33
13,Indonesia,INO,0.2582,11155297716,2026,Global Firepower,11.15529772,404500,401000,250000,331,28064,460,338,338,0,4,0,10,460,41,73,212,15,8.91,46.09,7.08,15.87,404500,331,28064,153,396,67
14,Pakistan,PAK,0.2626,9102115350,2026,Global Firepower,9.10211535,660000,550000,500000,2677,59044,1397,120,120,0,8,0,9,1397,331,63,379,55,23.69,27.13,14.51,4.51,660000,2677,59044,662,2629,652
15,Israel,ISR,0.2707,34600000000,2026,Global Firepower,34.6,169500,465000,35000,1300,62380,597,82,82,0,6,0,0,597,239,14,127,48,40.03,21.27,37.8,2.35,169500,1300,62380,323,171,228
16,Iran,IRN,0.3199,9230000000,2026,Global Firepower,9.23,610000,350000,220000,2675,75939,551,109,109,0,25,0,7,551,188,86,129,13,34.12,23.41,10.08,15.61,610000,2675,75939,424,1803,1550
17,Australia,AUS,0.3208,57350000000,2026,Global Firepower,57.35,58910,33270,0,46,17118,348,45,45,0,6,3,7,348,24,37,72,22,6.9,20.69,30.56,10.63,58910,46,17118,,48,8
18,Spain,SPN,0.3247,39000676350,2026,Global Firepower,39.00067635,121802,24033,78470,298,49324,440,175,175,1,2,0,11,440,136,51,169,17,30.91,38.41,10.06,11.59,121802,298,49324,96,188,
19,Egypt,EGY,0.3651,5193500000,2026,Global Firepower,5.1935,438500,479000,300000,3620,54694,1088,149,149,0,8,0,13,1088,242,53,348,100,22.24,31.99,28.74,4.87,438500,3620,54694,1056,962,648
20,Ukraine,UKR,0.3691,45000000000,2026,Global Firepower,45,900000,4000000,100000,1121,45458,347,169,169,0,0,0,0,347,88,22,140,39,25.36,40.35,27.86,6.34,900000,1121,45458,682,625,288
21,Poland,POL,0.3891,55865141600,2026,Global Firepower,55.8651416,250000,350000,50000,798,57972,457,63,63,0,1,0,2,457,58,44,224,29,12.69,49.02,12.95,9.63,250000,798,57972,593,,298
22,Taiwan,TWN,0.3927,31180000000,2026,Global Firepower,31.18,230000,1657000,55000,1090,24067,720,91,91,0,4,4,21,720,258,19,239,91,35.83,33.19,38.08,2.64,230000,1090,24067,488,1360,223
23,Vietnam,VET,0.4066,10200000000,2026,Global Firepower,10.2,450000,5000000,250000,1999,69914,265,116,116,0,6,0,9,265,61,6,101,0,23.02,38.11,0,2.26,450000,1999,69914,30,3250,774
24,Thailand,THL,0.4458,6006660000,2026,Global Firepower,6.00666,360850,200000,25000,744,52590,496,304,304,0,0,0,7,496,73,52,258,7,14.72,52.02,2.71,10.48,360850,744,52590,59,595,17
25,Saudi Arabia,SAR,0.4473,63988055520,2026,Global Firepower,63.98805552,247000,0,150000,1085,22370,917,32,32,0,0,0,7,917,283,49,264,34,30.86,28.79,12.88,5.34,247000,1085,22370,380,557,327
26,Sweden,SWE,0.4834,15900000000,2026,Global Firepower,15.9,25600,34000,104400,110,27576,172,279,279,0,4,0,0,172,73,6,53,0,42.44,30.81,0,3.49,25600,110,27576,24,,
27,Algeria,ALG,0.4849,25000000000,2026,Global Firepower,25,130000,150000,150000,1485,24920,620,111,111,0,6,0,8,620,111,63,300,74,17.9,48.39,24.67,10.16,130000,1485,24920,224,483,188
28,Canada,CAN,0.5269,45824959620,2026,Global Firepower,45.82495962,63500,23000,5500,74,21780,354,67,67,0,4,0,12,354,66,29,146,0,18.64,41.24,0,8.19,63500,74,21780,,,
29,Singapore,SNG,0.5272,18000000000,2026,Global Firepower,18,51000,252500,12000,170,17244,235,101,101,0,6,0,6,235,100,9,75,20,42.55,31.91,26.67,3.83,51000,170,17244,48,89,24
30,Greece,GRE,0.5484,8242150000,2026,Global Firepower,8.24215,142700,221350,55000,1344,56416,560,186,186,0,9,0,14,560,178,17,285,28,31.79,50.89,9.82,3.04,142700,1344,56416,589,698,152
31,North Korea,NKO,0.5933,4750000000,2026,Global Firepower,4.75,1320000,560000,100000,4895,47792,837,332,332,0,24,2,2,837,341,1,205,20,40.74,24.49,9.76,0.12,1320000,4895,47792,1300,700,1500
32,Argentina,ARG,0.5983,993919790,2026,Global Firepower,0.99391979,108000,12370,20000,362,22432,241,42,42,0,2,3,0,241,23,25,96,0,9.54,39.83,0,10.37,108000,362,22432,20,172,27
33,Nigeria,NGA,0.6097,3900000000,2026,Global Firepower,3.9,230000,0,50000,330,12219,159,152,152,0,0,0,1,159,14,12,69,15,8.81,43.4,21.74,7.55,230000,330,12219,40,339,37
34,Netherlands,NTH,0.6142,31791150000,2026,Global Firepower,31.79115,44245,8510,5000,18,6689,130,140,140,0,3,0,6,130,0,4,67,16,0,51.54,23.88,3.08,44245,18,6689,46,,4
35,Myanmar,MYA,0.6265,2815031361,2026,Global Firepower,2.815031361,228000,19000,55000,1040,11576,331,239,239,0,3,0,6,331,70,33,86,9,21.15,25.98,10.47,9.97,228000,1040,11576,225,1680,1520
36,Mexico,MEX,0.6401,9100000000,2026,Global Firepower,9.1,387000,98653,120000,0,23548,424,164,164,0,0,0,1,424,2,40,173,0,0.47,40.8,0,9.43,387000,0,23548,35,,
37,Bangladesh,BNG,0.6517,3340000000,2026,Global Firepower,3.34,204000,0,6800000,320,11584,212,121,121,0,2,0,7,212,41,17,67,0,19.34,31.6,0,8.02,204000,320,11584,36,487,103
38,Portugal,POR,0.6659,6760000000,2026,Global Firepower,6.76,25000,23500,23300,34,10419,128,128,128,0,2,0,5,128,28,20,36,0,21.88,28.12,0,15.62,25000,34,10419,23,54,
39,Norway,NOR,0.6679,11189483200,2026,Global Firepower,11.1894832,33440,20100,40500,36,11441,109,48,48,0,6,0,4,109,0,4,34,0,0,31.19,0,3.67,33440,36,11441,28,,
40,South Africa,SAF,0.6843,2877000000,2026,Global Firepower,2.877,68731,29350,50000,248,23024,181,63,63,0,3,0,4,181,2,11,87,10,1.1,48.07,11.49,6.08,68731,248,23024,52,434,201
41,Philippines,PHL,0.6993,6571641011,2026,Global Firepower,6.571641011,160000,1500000,35000,18,20551,204,127,127,0,0,0,4,204,0,23,130,6,0,63.73,4.62,11.27,160000,18,20551,12,296,
42,Malaysia,MLY,0.7379,5100000000,2026,Global Firepower,5.1,113000,51600,100000,48,15415,132,100,100,0,2,0,2,132,25,15,45,0,18.94,34.09,0,11.36,113000,48,15415,,196,36
43,Colombia,COL,0.7551,15800000000,2026,Global Firepower,15.8,429000,998000,150000,0,12780,430,213,213,0,4,0,9,430,16,82,255,0,3.72,59.3,0,19.07,429000,0,12780,6,110,
44,Iraq,IRQ,0.8115,8000000000,2026,Global Firepower,8,193000,0,100000,1188,37496,360,67,67,0,0,0,0,360,26,15,183,39,7.22,50.83,21.31,4.17,193000,1188,37496,434,610,572
45,Denmark,DEN,0.8198,14250000000,2026,Global Firepower,14.25,21000,12000,51000,44,5930,122,50,50,0,0,0,9,122,26,4,34,0,21.31,27.87,0,3.28,21000,44,5930,19,,8
46,Switzerland,SWZ,0.8396,8372658426,2026,Global Firepower,8.372658426,147178,0,5000,134,6885,141,0,0,0,0,0,0,141,40,16,39,0,28.37,27.66,0,11.35,147178,134,6885,133,,
47,Ethiopia,ETH,0.8525,3720968976,2026,Global Firepower,3.720968976,503000,138000,0,338,8586,104,0,0,0,0,0,0,104,25,9,33,7,24.04,31.73,21.21,8.65,503000,338,8586,142,469,79
48,Finland,FIN,0.8673,8890000000,2026,Global Firepower,8.89,24000,870000,53800,200,14866,162,165,165,0,0,0,0,162,53,11,27,0,32.72,16.67,0,6.79,24000,200,14866,125,667,76
49,Chile,CHI,0.8704,6800000000,2026,Global Firepower,6.8,80000,40000,50000,386,7480,274,130,130,0,4,0,8,274,45,33,86,0,16.42,31.39,0,12.04,80000,386,7480,48,249,9
50,Peru,PER,0.8827,2552000000,2026,Global Firepower,2.552,120000,386000,60000,355,9168,252,78,78,0,6,0,7,252,15,39,112,16,5.95,44.44,14.29,15.48,120000,355,9168,12,290,61
51,Venezuela,VEN,0.9106,6060000000,2026,Global Firepower,6.06,109000,8000,220000,282,15168,224,41,41,0,3,0,1,224,30,47,85,10,13.39,37.95,11.76,20.98,109000,282,15168,60,92,56
52,Romania,ROM,0.9558,10230630000,2026,Global Firepower,10.23063,90000,55000,15000,451,13266,148,18,18,0,0,0,3,148,29,13,66,0,19.59,44.59,0,8.78,90000,451,13266,,720,243
53,Uzbekistan,UZB,0.9908,6210000000,2026,Global Firepower,6.21,120000,0,20000,470,8692,159,0,0,0,0,0,0,159,26,12,101,34,16.35,63.52,33.66,7.55,120000,470,8692,177,236,108
54,United Arab Emirates,UAE,1.0188,23480000000,2026,Global Firepower,23.48,65000,130000,12000,354,8982,581,84,84,0,0,0,0,581,99,35,250,30,17.04,43.03,12,6.02,65000,354,8982,165,99,49
55,Czechia,CZC,1.0313,9174000000,2026,Global Firepower,9.174,30334,4900,0,20,6275,103,0,0,0,0,0,0,103,12,10,42,4,11.65,40.78,9.52,9.71,30334,20,6275,53,,16
56,Morocco,MOR,1.0368,16100000000,2026,Global Firepower,16.1,400000,250000,50000,1346,17594,271,100,100,0,0,0,6,271,84,31,73,6,31,26.94,8.22,11.44,400000,1346,17594,544,188,185
57,Hungary,HUN,1.0429,5887250000,2026,Global Firepower,5.88725,41600,20000,15000,220,11502,80,0,0,0,0,0,0,80,12,3,50,8,15,62.5,16,3.75,41600,220,11502,24,295,
58,Kazakhstan,KAZ,1.0433,5836386000,2026,Global Firepower,5.836386,110000,135000,55000,353,17460,168,26,26,0,0,0,0,168,37,21,72,12,22.02,42.86,16.67,12.5,110000,353,17460,126,194,287
59,Angola,ANG,1.1045,31200000000,2026,Global Firepower,31.2,107000,0,10000,319,2258,278,32,32,0,0,0,0,278,67,32,115,14,24.1,41.37,12.17,11.51,107000,319,2258,25,575,116
60,Azerbaijan,AZR,1.1991,5100000000,2026,Global Firepower,5.1,128000,306000,15000,1354,14448,159,32,32,0,4,0,0,159,12,4,87,16,7.55,54.72,18.39,2.52,128000,1354,14448,135,651,696
61,Belgium,BEL,1.2201,14900000000,2026,Global Firepower,14.9,26390,6600,0,0,3588,104,9,9,0,0,0,2,104,44,7,14,0,42.31,13.46,0,6.73,26390,0,3588,,,
62,Bulgaria,BUL,1.2522,2485350000,2026,Global Firepower,2.48535,36950,3000,0,334,6724,71,45,45,0,0,0,6,71,11,6,23,4,15.49,32.39,17.39,8.45,36950,334,6724,48,24,24
63,Serbia,SRB,1.2938,2770000000,2026,Global Firepower,2.77,22500,2000,600000,242,7190,115,30,30,0,0,0,0,115,11,3,51,4,9.57,44.35,7.84,2.61,22500,242,7190,96,150,73
64,Democratic Republic of the Congo,DRC,1.3051,960000000,2026,Global Firepower,0.96,166580,30800,10000,212,7164,56,16,16,0,0,0,0,56,0,10,38,9,0,67.86,23.68,17.86,166580,212,7164,16,125,81
65,Cuba,CUB,1.3345,3301500000,2026,Global Firepower,3.3015,50000,40000,1145000,194,7792,20,19,19,0,0,0,1,20,11,4,13,4,55,65,30.77,20,50000,194,7792,140,364,200
66,Sudan,SDN,1.3563,394700000,2026,Global Firepower,0.3947,300000,200000,17500,1055,8890,183,10,10,0,0,0,0,183,37,13,64,35,20.22,34.97,54.69,7.1,300000,1055,8890,100,1150,800
67,Austria,AST,1.3759,6103900800,2026,Global Firepower,6.1039008,25000,125600,0,56,5160,90,0,0,0,0,0,0,90,15,11,41,0,16.67,45.56,0,12.22,25000,56,5160,30,,
68,Sri Lanka,SRL,1.3822,1500000000,2026,Global Firepower,1.5,346000,90000,0,87,15021,90,275,275,0,0,0,5,90,6,15,49,8,6.67,54.44,16.33,16.67,346000,87,15021,,96,28
69,Slovakia,SLK,1.3911,2900000000,2026,Global Firepower,2.9,20982,0,0,45,6636,48,0,0,0,0,0,0,48,7,7,22,0,14.58,45.83,0,14.58,20982,45,6636,35,9,25
70,Belarus,BLR,1.4072,1034784000,2026,Global Firepower,1.034784,63000,365400,55000,577,6820,194,0,0,0,0,0,0,194,43,4,70,31,22.16,36.08,44.29,2.06,63000,577,6820,357,190,206
71,Qatar,QTR,1.4096,11950000000,2026,Global Firepower,11.95,26550,4000,5500,62,5576,263,125,125,0,0,0,0,263,115,12,85,24,43.73,32.32,28.24,4.56,26550,62,5576,46,12,16
72,Ecuador,ECU,1.4479,2963400000,2026,Global Firepower,2.9634,41250,118000,1500,202,5322,99,30,30,0,2,0,2,99,0,20,43,0,0,43.43,0,20.2,41250,202,5322,5,106,24
73,Croatia,CRO,1.5432,2744000000,2026,Global Firepower,2.744,14325,20100,2000,55,4874,67,30,30,0,0,0,0,67,12,0,37,0,17.91,55.22,0,0,14325,55,4874,25,42,42
74,Jordan,JOR,1.5581,2668500000,2026,Global Firepower,2.6685,114500,100000,35000,1508,25278,279,27,27,0,0,0,0,279,44,12,159,44,15.77,56.99,27.67,4.3,114500,1508,25278,478,80,84
75,Bahrain,BAH,1.6731,997015509,2026,Global Firepower,0.997015509,18400,110000,1500,150,5196,137,64,64,0,0,0,2,137,28,3,66,34,20.44,48.18,51.52,2.19,18400,150,5196,38,26,18
76,Kuwait,KUW,1.7161,7987000000,2026,Global Firepower,7.987,78000,24000,7500,367,7472,133,123,123,0,0,0,0,133,47,2,68,16,35.34,51.13,23.53,1.5,78000,367,7472,51,,27
77,Albania,ALB,1.7258,720037190,2026,Global Firepower,0.72003719,7500,0,500,0,1492,20,0,0,0,0,0,0,20,0,1,19,0,0,95,0,5,7500,0,1492,10,,270
78,Turkmenistan,TKM,1.7459,1463000000,2026,Global Firepower,1.463,36500,0,3500,654,11588,91,16,16,0,0,0,0,91,22,5,26,10,24.18,28.57,38.46,5.49,36500,654,11588,73,457,164
79,Tunisia,TUN,1.7823,2172751250,2026,Global Firepower,2.17275125,89800,0,12000,145,13927,155,37,37,0,0,0,1,155,10,12,101,0,6.45,65.16,0,7.74,89800,145,13927,,105,
80,Libya,LBY,1.7872,1474800000,2026,Global Firepower,1.4748,32000,0,100000,55,2728,83,5,5,0,0,0,1,83,10,12,22,4,12.05,26.51,18.18,14.46,32000,55,2728,20,38,25
81,Paraguay,PAR,1.7974,416800000,2026,Global Firepower,0.4168,15650,168500,14800,10,2876,49,73,73,0,0,0,0,49,0,12,18,0,0,36.73,0,24.49,15650,10,2876,6,50,
82,Bolivia,BOL,1.8301,467670000,2026,Global Firepower,0.46767,40000,40000,0,54,764,67,67,67,0,0,0,0,67,0,15,29,0,0,43.28,0,22.39,40000,54,764,,58,
83,Cambodia,CMB,1.8434,750000000,2026,Global Firepower,0.75,124300,0,10000,520,5439,24,20,20,0,0,0,0,24,0,4,20,0,0,83.33,0,16.67,124300,520,5439,30,525,521
84,Kenya,KEN,1.8588,1651803025,2026,Global Firepower,1.651803025,50000,0,25000,188,9114,154,27,27,0,0,0,0,154,17,21,84,2,11.04,54.55,2.38,13.64,50000,188,9114,18,53,
85,Chad,CHD,1.8594,706800000,2026,Global Firepower,0.7068,37750,0,5000,90,4345,40,0,0,0,0,0,0,40,0,7,16,3,0,40,18.75,17.5,37750,90,4345,10,13,16
86,Oman,OMA,1.8823,8364000000,2026,Global Firepower,8.364,100000,0,10000,264,11380,128,17,17,0,0,0,0,128,29,9,31,0,22.66,24.22,0,7.03,100000,264,11380,24,144,
87,Syria,SYR,1.8861,145925000,2026,Global Firepower,0.145925,100000,0,50000,168,18736,104,12,12,0,0,0,0,104,52,2,39,7,50,37.5,17.95,1.92,100000,168,18736,60,,
88,Lithuania,LIT,1.8949,5651760000,2026,Global Firepower,5.65176,23000,104000,14150,0,4553,9,13,13,0,0,0,0,9,0,5,4,0,0,44.44,0,55.56,23000,0,4553,16,54,
89,Tanzania,TNZ,1.9111,1476113361,2026,Global Firepower,1.476113361,25000,0,6500,200,8408,38,12,12,0,0,0,0,38,11,6,15,0,28.95,39.47,0,15.79,25000,200,8408,,205,70
90,New Zealand,NWZ,1.9258,2455949332,2026,Global Firepower,2.455949332,10050,3300,300,0,3378,47,8,8,0,0,0,2,47,0,7,21,0,0,44.68,0,14.89,10050,0,3378,,31,
91,Slovenia,SLN,1.9404,1782000000,2026,Global Firepower,1.782,7000,26000,5000,54,4636,40,3,3,0,0,0,0,40,0,5,16,0,0,40,0,12.5,7000,54,4636,17,18,
92,Mozambique,MOZ,1.9769,480000000,2026,Global Firepower,0.48,11200,0,3000,60,3488,23,36,36,0,0,0,0,23,8,5,7,2,34.78,30.43,28.57,21.74,11200,60,3488,,104,12
93,Mongolia,MGL,1.9987,1590000000,2026,Global Firepower,1.59,35000,230000,50000,420,11040,8,0,0,0,0,0,0,8,0,3,3,0,0,37.5,0,37.5,35000,420,11040,,500,130
94,Ireland,IRE,2.0661,1754400500,2026,Global Firepower,1.7544005,7557,1720,0,0,3296,23,8,8,0,0,0,0,23,0,5,8,0,0,34.78,0,21.74,7557,0,3296,,,
95,Georgia,GEO,2.0779,680000000,2026,Global Firepower,0.68,37000,205500,0,132,5974,61,19,19,0,0,0,0,61,0,2,44,11,0,72.13,25,3.28,37000,132,5974,67,121,42
96,Guatemala,GUA,2.1277,616000000,2026,Global Firepower,0.616,106114,90000,35000,0,3268,35,25,25,0,0,0,0,35,0,10,20,0,0,57.14,0,28.57,106114,0,3268,,110,
97,Uruguay,URU,2.1537,1903440000,2026,Global Firepower,1.90344,24000,0,5000,62,5968,43,16,16,0,0,0,0,43,0,6,12,0,0,27.91,0,13.95,24000,62,5968,16,83,4
98,Yemen,YEM,2.1617,405187500,2026,Global Firepower,0.4051875,33350,0,20000,0,1550,160,26,26,0,0,0,0,160,68,3,59,14,42.5,36.88,23.73,1.88,33350,0,1550,12,60,30
99,Cameroon,CAM,2.1689,835694942,2026,Global Firepower,0.835694942,38000,0,9000,0,860,35,19,19,0,0,0,0,35,0,6,21,0,0,60,0,17.14,38000,0,860,18,52,20
100,Tajikistan,TJK,2.1749,450460000,2026,Global Firepower,0.45046,150000,600000,20000,38,6782,25,0,0,0,0,0,0,25,0,1,20,6,0,80,30,4,150000,38,6782,3,13,24
101,Armenia,ARM,2.2016,1480000000,2026,Global Firepower,1.48,65000,210000,5000,109,1412,69,0,0,0,0,0,0,69,4,3,36,20,5.8,52.17,55.56,4.35,65000,109,1412,104,193,100
102,Latvia,LAT,2.2316,42000000,2026,Global Firepower,0.042,17870,38000,12500,0,3410,3,18,18,0,0,0,0,3,0,0,3,0,0,100,0,0,17870,0,3410,47,,
103,Honduras,HON,2.2575,612300000,2026,Global Firepower,0.6123,52225,0,23000,22,4666,45,98,98,0,0,0,0,45,6,10,11,0,13.33,24.44,0,22.22,52225,22,4666,,48,
104,Mali,MAL,2.2598,1110000000,2026,Global Firepower,1.11,40000,0,4800,0,3717,44,0,0,0,0,0,0,44,9,8,10,8,20.45,22.73,80,18.18,40000,0,3717,,50,30
105,Zimbabwe,ZIM,2.2801,1976800000,2026,Global Firepower,1.9768,29000,0,21800,60,1248,80,0,0,0,0,0,0,80,9,14,28,6,11.25,35,21.43,17.5,29000,60,1248,,,
106,Estonia,EST,2.3201,2375000000,2026,Global Firepower,2.375,7700,230000,10000,0,2579,2,8,8,0,0,0,0,2,0,2,0,0,0,0,,100,7700,0,2579,48,,6
107,Uganda,UGA,2.3252,1510000000,2026,Global Firepower,1.51,45000,0,10000,259,9702,51,0,0,0,0,0,0,51,6,3,30,6,11.76,58.82,20,5.88,45000,259,9702,6,26,12
108,Ivory Coast,IVC,2.3884,18200000,2026,Global Firepower,0.0182,22000,0,5500,0,1328,22,8,8,0,0,0,0,22,0,3,14,5,0,63.64,35.71,13.64,22000,0,1328,,4,6
109,Kyrgyzstan,KYR,2.3969,654000000,2026,Global Firepower,0.654,23000,0,55000,215,5372,7,0,0,0,0,0,0,7,0,0,7,2,0,100,28.57,0,23000,215,5372,30,174,21
110,Luxembourg,LUX,2.4429,1530685000,2026,Global Firepower,1.530685,1200,0,0,0,476,1,0,0,0,0,0,0,1,0,1,0,0,0,0,,100,1200,0,476,,,
111,Zambia,ZAM,2.4461,385321000,2026,Global Firepower,0.385321,15150,0,1200,75,848,78,0,0,0,0,0,0,78,0,13,33,0,0,42.31,0,16.67,15150,75,848,12,60,50
112,Ghana,GHA,2.4566,954423756,2026,Global Firepower,0.954423756,15500,0,0,0,3648,18,20,20,0,0,0,0,18,0,2,9,0,0,50,0,11.11,15500,0,3648,,6,6
113,South Sudan,SSD,2.4645,30700000,2026,Global Firepower,0.0307,185000,0,0,122,2550,19,0,0,0,0,0,0,19,0,4,15,6,0,78.95,40,21.05,185000,122,2550,24,,15
114,North Macedonia,MAC,2.4956,421527100,2026,Global Firepower,0.4215271,10010,60000,3500,0,1878,20,0,0,0,0,0,0,20,0,0,10,4,0,50,40,0,10010,0,1878,,156,18
115,Dominican Republic,DOM,2.5853,903000000,2026,Global Firepower,0.903,89000,189000,30000,6,930,80,34,34,0,0,0,0,80,0,11,49,0,0,61.25,0,13.75,89000,6,930,,14,
116,Nicaragua,NIC,2.5894,1311600000,2026,Global Firepower,1.3116,45000,0,5500,186,6344,17,23,23,0,0,0,0,17,0,5,12,0,0,70.59,0,29.41,45000,186,6344,,347,151
117,Republic of the Congo,ROC,2.6259,933360000,2026,Global Firepower,0.93336,10000,0,2500,61,804,14,4,4,0,0,0,0,14,2,4,8,1,14.29,57.14,12.5,28.57,10000,61,804,3,38,30
118,Lebanon,LEB,2.6521,800000000,2026,Global Firepower,0.8,80000,15000,65000,334,6912,80,48,48,0,0,0,0,80,0,0,68,0,0,85,0,0,80000,334,6912,12,350,11
119,Eritrea,ERI,2.6841,219000000,2026,Global Firepower,0.219,350000,680000,0,148,1040,20,23,23,0,0,0,0,20,1,5,13,6,5,65,46.15,25,350000,148,1040,45,89,44
120,Niger,NGR,2.6867,488400000,2026,Global Firepower,0.4884,25000,0,5000,0,1550,26,0,0,0,0,0,0,26,0,7,13,2,0,50,15.38,26.92,25000,0,1550,,,
121,Afghanistan,AFG,2.7342,145000000,2026,Global Firepower,0.145,75000,0,90000,0,3902,5,0,0,0,0,0,0,5,0,2,3,0,0,60,0,40,75000,0,3902,,,
122,Namibia,NAM,2.7414,450498000,2026,Global Firepower,0.450498,17567,0,5000,7,2402,36,15,15,0,0,0,0,36,11,5,7,2,30.56,19.44,28.57,13.89,17567,7,2402,,50,55
123,Mauritania,MAU,2.7919,270625000,2026,Global Firepower,0.270625,31540,66000,5000,51,5024,23,6,6,0,0,0,0,23,0,7,4,0,0,17.39,0,30.43,31540,51,5024,,75,
124,Nepal,NEP,2.8037,431355326,2026,Global Firepower,0.431355326,98500,82000,15000,0,1108,17,0,0,0,0,0,0,17,0,7,10,0,0,58.82,0,41.18,98500,0,1108,,14,
125,Laos,LAO,2.8672,355600000,2026,Global Firepower,0.3556,100000,30000,120000,160,7725,29,51,51,0,0,0,0,29,0,2,20,0,0,68.97,0,6.9,100000,160,7725,50,97,64
126,Senegal,SEN,2.8925,777800000,2026,Global Firepower,0.7778,17000,0,0,0,1860,39,4,4,0,0,0,0,39,0,5,19,5,0,48.72,26.32,12.82,17000,0,1860,,20,6
127,Burkina Faso,BKF,2.9213,4590000000,2026,Global Firepower,4.59,7500,0,4500,0,876,26,0,0,0,0,0,0,26,0,2,19,5,0,73.08,26.32,7.69,7500,0,876,,8,9
128,Montenegro,MTN,2.9782,204000000,2026,Global Firepower,0.204,2350,0,5500,0,946,10,20,20,0,0,0,0,10,0,0,10,0,0,100,0,0,2350,0,946,,12,12
129,El Salvador,ESL,2.9973,1037200000,2026,Global Firepower,1.0372,25000,0,15000,0,2144,51,13,13,0,0,0,0,51,0,3,28,0,0,54.9,0,5.88,25000,0,2144,,76,
130,Botswana,BOT,2.9993,581000000,2026,Global Firepower,0.581,12000,0,0,45,1224,45,0,0,0,0,0,0,45,10,9,16,0,22.22,35.56,0,20,12000,45,1224,12,36,20
131,Madagascar,MAD,3.0381,147630000,2026,Global Firepower,0.14763,13500,0,8100,12,316,6,7,7,0,0,0,0,6,0,1,5,0,0,83.33,0,16.67,13500,12,316,,17,
132,Gabon,GAB,3.0432,340950000,2026,Global Firepower,0.34095,5000,0,2500,0,424,25,5,5,0,0,0,0,25,6,3,16,0,24,64,0,12,5000,0,424,,4,28
133,Bosnia and Herzegovina,BOS,3.1291,289920000,2026,Global Firepower,0.28992,18000,8000,0,45,892,15,0,0,0,0,0,0,15,0,0,15,0,0,100,0,0,18000,45,892,,300,24
134,Iceland,ICE,3.4013,500000000,2026,Global Firepower,0.5,0,0,0,0,350,0,0,0,0,0,0,0,0,0,0,0,0,,,,,0,0,350,,,
135,Panama,PAN,3.5011,1069750000,2026,Global Firepower,1.06975,16300,0,80000,0,1550,38,22,22,0,0,0,0,38,0,13,23,0,0,60.53,0,34.21,16300,0,1550,,,
136,Moldova,MOL,3.6225,114114000,2026,Global Firepower,0.114114,6500,2000,2000,0,1598,3,0,0,0,0,0,0,3,0,1,2,0,0,66.67,0,33.33,6500,0,1598,4,67,11
137,Somalia,SOM,3.7393,870000000,2026,Global Firepower,0.87,30000,0,2000,0,1104,6,19,19,0,0,0,0,6,0,0,6,0,0,100,0,0,30000,0,1104,,,
138,Benin,BEN,3.8963,137690000,2026,Global Firepower,0.13769,4000,5000,500,0,1357,0,0,0,0,0,0,0,0,0,0,0,0,,,,,4000,0,1357,,,
139,Kosovo,KOS,3.8041,1177450000,2026,Global Firepower,1.17745,4750,0,0,0,92,7,2,2,0,0,0,0,7,0,1,5,0,0,71.43,0,14.29,4750,0,92,,16,
140,Sierra Leone,SLE,3.9201,450000000,2026,Global Firepower,0.45,13000,0,0,0,350,1,10,10,0,0,0,0,1,0,0,1,0,0,100,0,0,13000,0,350,,,
141,Liberia,LIB,3.9275,20700000,2026,Global Firepower,0.0207,2100,0,5500,0,550,0,6,6,0,0,0,0,0,0,0,0,0,,,,,2100,0,550,,,
142,Suriname,SRN,4.0538,58440000,2026,Global Firepower,0.05844,2500,,200,0,1250,3,17,17,0,0,0,0,3,0,0,3,0,0,100,0,0,2500,0,1250,,,
143,Central African Republic,CAR,4.2381,300000000,2026,Global Firepower,0.3,30000,0,1000,0,270,8,0,0,0,0,0,0,8,0,0,0,0,0,0,,0,30000,0,270,,,
144,Belize,BLZ,4.3602,34400000,2026,Global Firepower,0.0344,2000,850,0,0,164,3,15,15,0,0,0,0,3,0,1,1,0,0,33.33,0,33.33,2000,0,164,,,
145,Bhutan,BUT,5.7991,26600000,2026,Global Firepower,0.0266,16000,50000,0,0,78,2,0,0,0,0,0,0,2,0,0,2,0,0,100,0,0,16000,0,78,,,
